"","Player Name","Age","Position","Pos","Market value","Fee","Team_Name","Club_Logo_URL","Transfer_Type"
"1","Anirudh ThapaA. Thapa",25,"Central Midfield","CM","<U+20B9>1.8 Cr","<U+20B9>3 Cr","Mohun Bagan Super Giant","https://www.indiansuperleague.com/static-assets/images/club/1874.png?v=100.24","Arrivals"
"2","Sahal Abdul SamadS. Samad",26,"Attacking Midfield","AM","<U+20B9>2.2 Cr","<U+20B9>90 L","Mohun Bagan Super Giant","https://www.indiansuperleague.com/static-assets/images/club/1874.png?v=100.24","Arrivals"
"3","Héctor YusteH. Yuste",35,"Centre-Back","CB","<U+20B9>1.6 Cr","free transfer","Mohun Bagan Super Giant","https://www.indiansuperleague.com/static-assets/images/club/1874.png?v=100.24","Arrivals"
"4","Armando SadikuA. Sadiku",32,"Centre-Forward","CF","<U+20B9>5.6 Cr","free transfer","Mohun Bagan Super Giant","https://www.indiansuperleague.com/static-assets/images/club/1874.png?v=100.24","Arrivals"
"5","Jason CummingsJ. Cummings",27,"Centre-Forward","CF","<U+20B9>9.6 Cr","?","Mohun Bagan Super Giant","https://www.indiansuperleague.com/static-assets/images/club/1874.png?v=100.24","Arrivals"
"6","Anwar AliAnwar Ali",22,"Centre-Back","CB","<U+20B9>2.2 Cr","loan transfer","Mohun Bagan Super Giant","https://www.indiansuperleague.com/static-assets/images/club/1874.png?v=100.24","Arrivals"
"7","Syed ZahidS. Zahid",20,"Goalkeeper","GK","<U+20B9>1 Cr","-","Mohun Bagan Super Giant","https://www.indiansuperleague.com/static-assets/images/club/1874.png?v=100.24","Arrivals"
"8","Nongdamba NaoremN. Naorem",23,"Left Winger","LW","<U+20B9>40 L","free transfer","Mohun Bagan Super Giant","https://www.indiansuperleague.com/static-assets/images/club/1874.png?v=100.24","Departures"
"9","Avilash PaulA. Paul",28,"Goalkeeper","GK","<U+20B9>20 L","free transfer","Mohun Bagan Super Giant","https://www.indiansuperleague.com/static-assets/images/club/1874.png?v=100.24","Departures"
"10","Carl McHughC. McHugh",30,"Defensive Midfield","DM","<U+20B9>3.2 Cr","free transfer","Mohun Bagan Super Giant","https://www.indiansuperleague.com/static-assets/images/club/1874.png?v=100.24","Departures"
"11","Federico GallegoF. Gallego",33,"Attacking Midfield","AM","<U+20B9>1.6 Cr","free transfer","Mohun Bagan Super Giant","https://www.indiansuperleague.com/static-assets/images/club/1874.png?v=100.24","Departures"
"12","Ricky John ShabongR. Shabong",20,"Defensive Midfield","DM","<U+20B9>80 L","free transfer","Mohun Bagan Super Giant","https://www.indiansuperleague.com/static-assets/images/club/1874.png?v=100.24","Departures"
"13","Pritam KotalP. Kotal",29,"Right-Back","RB","<U+20B9>2.2 Cr","free transfer","Mohun Bagan Super Giant","https://www.indiansuperleague.com/static-assets/images/club/1874.png?v=100.24","Departures"
"14","Slavko DamjanovicS. Damjanovic",30,"Centre-Back","CB","<U+20B9>1.6 Cr","free transfer","Mohun Bagan Super Giant","https://www.indiansuperleague.com/static-assets/images/club/1874.png?v=100.24","Departures"
"15","TiriTiri",31,"Centre-Back","CB","<U+20B9>2.4 Cr","free transfer","Mohun Bagan Super Giant","https://www.indiansuperleague.com/static-assets/images/club/1874.png?v=100.24","Departures"
"16","PuiteaPuitea",25,"Central Midfield","CM","<U+20B9>1 Cr","?","Mohun Bagan Super Giant","https://www.indiansuperleague.com/static-assets/images/club/1874.png?v=100.24","Departures"
"17","Florentin PogbaF. Pogba",33,"Centre-Back","CB","<U+20B9>2 Cr","?","Mohun Bagan Super Giant","https://www.indiansuperleague.com/static-assets/images/club/1874.png?v=100.24","Departures"
"18","N Rohen SinghN. Singh",21,"Defence","Defence","-","End of loanMay 31, 2024","Mohun Bagan Super Giant","https://www.indiansuperleague.com/static-assets/images/club/1874.png?v=100.24","Departures"
"19","Prabhsukhan Singh GillP. Singh Gill",22,"Goalkeeper","GK","<U+20B9>2 Cr","<U+20B9>1.5 Cr","East Bengal FC","https://www.indiansuperleague.com/static-assets/images/club/1102.png?v=100.24","Arrivals"
"20","Nandha Kumar SekarN. Sekar",27,"Left Winger","LW","<U+20B9>2.2 Cr","free transfer","East Bengal FC","https://www.indiansuperleague.com/static-assets/images/club/1102.png?v=100.24","Arrivals"
"21","Vishnu P VV. P V",21,"Attack","Attack","-","free transfer","East Bengal FC","https://www.indiansuperleague.com/static-assets/images/club/1102.png?v=100.24","Arrivals"
"22","Hijazi MaherH. Maher",26,"Centre-Back","CB","<U+20B9>60 L","free transfer","East Bengal FC","https://www.indiansuperleague.com/static-assets/images/club/1102.png?v=100.24","Arrivals"
"23","Jordan ElseyJ. Elsey",29,"Centre-Back","CB","<U+20B9>3.6 Cr","free transfer","East Bengal FC","https://www.indiansuperleague.com/static-assets/images/club/1102.png?v=100.24","Arrivals"
"24","Vanlalpeka GuiteV. Guite",16,"Midfield","Midfield","-","free transfer","East Bengal FC","https://www.indiansuperleague.com/static-assets/images/club/1102.png?v=100.24","Arrivals"
"25","Gurnaj Singh GrewalG. Grewal",16,"Midfield","Midfield","-","free transfer","East Bengal FC","https://www.indiansuperleague.com/static-assets/images/club/1102.png?v=100.24","Arrivals"
"26","Ranit SarkarR. Sarkar",18,"Goalkeeper","GK","-","free transfer","East Bengal FC","https://www.indiansuperleague.com/static-assets/images/club/1102.png?v=100.24","Arrivals"
"27","Avishek KunjamA. Kunjam",19,"Attack","Attack","-","free transfer","East Bengal FC","https://www.indiansuperleague.com/static-assets/images/club/1102.png?v=100.24","Arrivals"
"28","Gursimrat Singh GillG. Singh Gill",26,"Centre-Back","CB","<U+20B9>40 L","free transfer","East Bengal FC","https://www.indiansuperleague.com/static-assets/images/club/1102.png?v=100.24","Arrivals"
"29","Harmanjot KhabraH. Khabra",35,"Right-Back","RB","<U+20B9>40 L","free transfer","East Bengal FC","https://www.indiansuperleague.com/static-assets/images/club/1102.png?v=100.24","Arrivals"
"30","Mandar Rao DesaiM. Desai",31,"Left-Back","LB","<U+20B9>1.4 Cr","free transfer","East Bengal FC","https://www.indiansuperleague.com/static-assets/images/club/1102.png?v=100.24","Arrivals"
"31","Javi SiverioJ. Siverio",25,"Centre-Forward","CF","<U+20B9>2.6 Cr","free transfer","East Bengal FC","https://www.indiansuperleague.com/static-assets/images/club/1102.png?v=100.24","Arrivals"
"32","Borja HerreraB. Herrera",30,"Attacking Midfield","AM","<U+20B9>2.4 Cr","free transfer","East Bengal FC","https://www.indiansuperleague.com/static-assets/images/club/1102.png?v=100.24","Arrivals"
"33","Saúl CrespoS. Crespo",26,"Central Midfield","CM","<U+20B9>3.2 Cr","free transfer","East Bengal FC","https://www.indiansuperleague.com/static-assets/images/club/1102.png?v=100.24","Arrivals"
"34","Edwin Sydney VanspaulE. Vanspaul",30,"Right-Back","RB","<U+20B9>1.2 Cr","free transfer","East Bengal FC","https://www.indiansuperleague.com/static-assets/images/club/1102.png?v=100.24","Arrivals"
"35","LalchungnungaLalchungnunga",22,"Centre-Back","CB","<U+20B9>1.4 Cr","free transfer","East Bengal FC","https://www.indiansuperleague.com/static-assets/images/club/1102.png?v=100.24","Arrivals"
"36","José Antonio PardoJ. Pardo",35,"Centre-Back","CB","<U+20B9>1.2 Cr","free transfer","East Bengal FC","https://www.indiansuperleague.com/static-assets/images/club/1102.png?v=100.24","Arrivals"
"37","Nishu KumarN. Kumar",25,"Left-Back","LB","<U+20B9>1.4 Cr","loan transfer","East Bengal FC","https://www.indiansuperleague.com/static-assets/images/club/1102.png?v=100.24","Arrivals"
"38","Ajay ChhetriA. Chhetri",24,"Midfield","Midfield","<U+20B9>1 Cr","loan transfer","East Bengal FC","https://www.indiansuperleague.com/static-assets/images/club/1102.png?v=100.24","Arrivals"
"39","Julfikar GaziJ. Gazi",17,"Goalkeeper","GK","-","-","East Bengal FC","https://www.indiansuperleague.com/static-assets/images/club/1102.png?v=100.24","Arrivals"
"40","CK AmanCK Aman",20,"Attack","Attack","-","-","East Bengal FC","https://www.indiansuperleague.com/static-assets/images/club/1102.png?v=100.24","Arrivals"
"41","Aditya PatraA. Patra",23,"Goalkeeper","GK","-","-","East Bengal FC","https://www.indiansuperleague.com/static-assets/images/club/1102.png?v=100.24","Arrivals"
"42","Sarthak GoluiS. Golui",26,"Right-Back","RB","<U+20B9>80 L","End of loanMay 31, 2024","East Bengal FC","https://www.indiansuperleague.com/static-assets/images/club/1102.png?v=100.24","Arrivals"
"43","Semboi HaokipS. Haokip",30,"Centre-Forward","CF","<U+20B9>60 L","free transfer","East Bengal FC","https://www.indiansuperleague.com/static-assets/images/club/1102.png?v=100.24","Departures"
"44","Sumeet PassiS. Passi",28,"Centre-Forward","CF","<U+20B9>40 L","free transfer","East Bengal FC","https://www.indiansuperleague.com/static-assets/images/club/1102.png?v=100.24","Departures"
"45","Pritam SinghP. Singh",27,"Left-Back","LB","<U+20B9>20 L","free transfer","East Bengal FC","https://www.indiansuperleague.com/static-assets/images/club/1102.png?v=100.24","Departures"
"46","Iván GonzálezI. González",33,"Centre-Back","CB","<U+20B9>1.8 Cr","free transfer","East Bengal FC","https://www.indiansuperleague.com/static-assets/images/club/1102.png?v=100.24","Departures"
"47","Wahengbam Angousana LuwangW. Luwang",27,"Defensive Midfield","DM","<U+20B9>40 L","free transfer","East Bengal FC","https://www.indiansuperleague.com/static-assets/images/club/1102.png?v=100.24","Departures"
"48","Jerry LalrinzualaJ. Lalrinzuala",24,"Left-Back","LB","<U+20B9>1 Cr","free transfer","East Bengal FC","https://www.indiansuperleague.com/static-assets/images/club/1102.png?v=100.24","Departures"
"49","Jake JervisJ. Jervis",31,"Right Winger","RW","<U+20B9>1.6 Cr","free transfer","East Bengal FC","https://www.indiansuperleague.com/static-assets/images/club/1102.png?v=100.24","Departures"
"50","Ankit MukherjeeA. Mukherjee",26,"Right-Back","RB","<U+20B9>60 L","free transfer","East Bengal FC","https://www.indiansuperleague.com/static-assets/images/club/1102.png?v=100.24","Departures"
"51","Sarthak GoluiS. Golui",25,"Right-Back","RB","<U+20B9>80 L","loan transfer","East Bengal FC","https://www.indiansuperleague.com/static-assets/images/club/1102.png?v=100.24","Departures"
"52","Pawan KumarP. Kumar",33,"Goalkeeper","GK","<U+20B9>20 L","?","East Bengal FC","https://www.indiansuperleague.com/static-assets/images/club/1102.png?v=100.24","Departures"
"53","Nabi Hussain KhanN. Khan",25,"Right-Back","RB","-","?","East Bengal FC","https://www.indiansuperleague.com/static-assets/images/club/1102.png?v=100.24","Departures"
"54","Charalampos KyriakouC. Kyriakou",33,"Central Midfield","CM","<U+20B9>1.8 Cr","-","East Bengal FC","https://www.indiansuperleague.com/static-assets/images/club/1102.png?v=100.24","Departures"
"55","Jordan O'DohertyJ. O'Doherty",25,"Central Midfield","CM","<U+20B9>2.4 Cr","-","East Bengal FC","https://www.indiansuperleague.com/static-assets/images/club/1102.png?v=100.24","Departures"
"56","Suvam SenSuvam Sen",33,"Goalkeeper","GK","<U+20B9>20 L","-","East Bengal FC","https://www.indiansuperleague.com/static-assets/images/club/1102.png?v=100.24","Departures"
"57","Alex LimaAlex Lima",34,"Central Midfield","CM","<U+20B9>2.2 Cr","-","East Bengal FC","https://www.indiansuperleague.com/static-assets/images/club/1102.png?v=100.24","Departures"
"58","Ajay ChhetriA. Chhetri",24,"Midfield","Midfield","<U+20B9>1 Cr","End of loanMay 31, 2024","East Bengal FC","https://www.indiansuperleague.com/static-assets/images/club/1102.png?v=100.24","Departures"
"59","Nishu KumarN. Kumar",26,"Left-Back","LB","<U+20B9>1.4 Cr","End of loanMay 31, 2024","East Bengal FC","https://www.indiansuperleague.com/static-assets/images/club/1102.png?v=100.24","Departures"
"60","Aibanbha DohlingA. Dohling",27,"Left-Back","LB","<U+20B9>1.8 Cr","<U+20B9>1.4 Cr","Kerala Blasters FC","https://www.indiansuperleague.com/static-assets/images/club/498.png?v=100.24","Arrivals"
"61","Prabir DasP. Das",29,"Right-Back","RB","<U+20B9>1.6 Cr","free transfer","Kerala Blasters FC","https://www.indiansuperleague.com/static-assets/images/club/498.png?v=100.24","Arrivals"
"62","Emmanuel JustineE. Justine",20,"Right Winger","RW","-","free transfer","Kerala Blasters FC","https://www.indiansuperleague.com/static-assets/images/club/498.png?v=100.24","Arrivals"
"63","Milos DrincicM. Drincic",24,"Centre-Back","CB","<U+20B9>1.8 Cr","free transfer","Kerala Blasters FC","https://www.indiansuperleague.com/static-assets/images/club/498.png?v=100.24","Arrivals"
"64","Bidyashagar SinghB. Singh",25,"Centre-Forward","CF","<U+20B9>60 L","free transfer","Kerala Blasters FC","https://www.indiansuperleague.com/static-assets/images/club/498.png?v=100.24","Arrivals"
"65","Ishan PanditaI. Pandita",25,"Centre-Forward","CF","<U+20B9>1.8 Cr","free transfer","Kerala Blasters FC","https://www.indiansuperleague.com/static-assets/images/club/498.png?v=100.24","Arrivals"
"66","Pritam KotalP. Kotal",29,"Right-Back","RB","<U+20B9>2.2 Cr","free transfer","Kerala Blasters FC","https://www.indiansuperleague.com/static-assets/images/club/498.png?v=100.24","Arrivals"
"67","Daisuke SakaiD. Sakai",26,"Right Winger","RW","<U+20B9>1.6 Cr","free transfer","Kerala Blasters FC","https://www.indiansuperleague.com/static-assets/images/club/498.png?v=100.24","Arrivals"
"68","Kwame PeprahK. Peprah",22,"Centre-Forward","CF","<U+20B9>4.8 Cr","free transfer","Kerala Blasters FC","https://www.indiansuperleague.com/static-assets/images/club/498.png?v=100.24","Arrivals"
"69","Sagolsem Bikash SinghS. Singh",22,"Left Winger","LW","<U+20B9>1 Cr","free transfer","Kerala Blasters FC","https://www.indiansuperleague.com/static-assets/images/club/498.png?v=100.24","Arrivals"
"70","Freddy LallawmawmaF. Lallawmawma",21,"Defensive Midfield","DM","<U+20B9>1.4 Cr","free transfer","Kerala Blasters FC","https://www.indiansuperleague.com/static-assets/images/club/498.png?v=100.24","Arrivals"
"71","Huidrom Naocha SinghH. Singh",23,"Left-Back","LB","<U+20B9>1.4 Cr","loan transfer","Kerala Blasters FC","https://www.indiansuperleague.com/static-assets/images/club/498.png?v=100.24","Arrivals"
"72","Lara SharmaL. Sharma",23,"Goalkeeper","GK","<U+20B9>40 L","loan transfer","Kerala Blasters FC","https://www.indiansuperleague.com/static-assets/images/club/498.png?v=100.24","Arrivals"
"73","Bijoy VBijoy V",24,"Centre-Back","CB","<U+20B9>40 L","End of loanMay 31, 2024","Kerala Blasters FC","https://www.indiansuperleague.com/static-assets/images/club/498.png?v=100.24","Arrivals"
"74","Mohd ArbazM. Arbaz",18,"Goalkeeper","GK","-","?","Kerala Blasters FC","https://www.indiansuperleague.com/static-assets/images/club/498.png?v=100.24","Arrivals"
"75","Jaushua SotirioJ. Sotirio",27,"Centre-Forward","CF","<U+20B9>3.6 Cr","?","Kerala Blasters FC","https://www.indiansuperleague.com/static-assets/images/club/498.png?v=100.24","Arrivals"
"76","Muhammad AjsalM. Ajsal",21,"Attack","Attack","-","End of loanMay 31, 2024","Kerala Blasters FC","https://www.indiansuperleague.com/static-assets/images/club/498.png?v=100.24","Arrivals"
"77","Sagolsem Bikash SinghS. Singh",23,"Left Winger","LW","<U+20B9>1 Cr","End of loanMay 31, 2024","Kerala Blasters FC","https://www.indiansuperleague.com/static-assets/images/club/498.png?v=100.24","Arrivals"
"78","Nishu KumarN. Kumar",26,"Left-Back","LB","<U+20B9>1.4 Cr","End of loanMay 31, 2024","Kerala Blasters FC","https://www.indiansuperleague.com/static-assets/images/club/498.png?v=100.24","Arrivals"
"79","Givson SinghG. Singh",21,"Attacking Midfield","AM","<U+20B9>60 L","End of loanMay 31, 2024","Kerala Blasters FC","https://www.indiansuperleague.com/static-assets/images/club/498.png?v=100.24","Arrivals"
"80","Emmanuel JustineE. Justine",21,"Right Winger","RW","-","End of loanMay 31, 2024","Kerala Blasters FC","https://www.indiansuperleague.com/static-assets/images/club/498.png?v=100.24","Arrivals"
"81","Prabhsukhan Singh GillP. Singh Gill",22,"Goalkeeper","GK","<U+20B9>2 Cr","<U+20B9>1.5 Cr","Kerala Blasters FC","https://www.indiansuperleague.com/static-assets/images/club/498.png?v=100.24","Departures"
"82","Sahal Abdul SamadS. Samad",26,"Attacking Midfield","AM","<U+20B9>2.2 Cr","<U+20B9>90 L","Kerala Blasters FC","https://www.indiansuperleague.com/static-assets/images/club/498.png?v=100.24","Departures"
"83","Ayush AdhikariA. Adhikari",23,"Central Midfield","CM","<U+20B9>60 L","<U+20B9>55 L","Kerala Blasters FC","https://www.indiansuperleague.com/static-assets/images/club/498.png?v=100.24","Departures"
"84","Emmanuel JustineE. Justine",20,"Right Winger","RW","-","Loan fee:<U+20B9>22.1 L","Kerala Blasters FC","https://www.indiansuperleague.com/static-assets/images/club/498.png?v=100.24","Departures"
"85","Jessel CarneiroJ. Carneiro",33,"Left-Back","LB","<U+20B9>60 L","free transfer","Kerala Blasters FC","https://www.indiansuperleague.com/static-assets/images/club/498.png?v=100.24","Departures"
"86","Harmanjot KhabraH. Khabra",35,"Right-Back","RB","<U+20B9>40 L","free transfer","Kerala Blasters FC","https://www.indiansuperleague.com/static-assets/images/club/498.png?v=100.24","Departures"
"87","Muheet ShabirM. Shabir",22,"Goalkeeper","GK","<U+20B9>40 L","free transfer","Kerala Blasters FC","https://www.indiansuperleague.com/static-assets/images/club/498.png?v=100.24","Departures"
"88","Nishu KumarN. Kumar",25,"Left-Back","LB","<U+20B9>1.4 Cr","loan transfer","Kerala Blasters FC","https://www.indiansuperleague.com/static-assets/images/club/498.png?v=100.24","Departures"
"89","Givson SinghG. Singh",21,"Attacking Midfield","AM","<U+20B9>60 L","loan transfer","Kerala Blasters FC","https://www.indiansuperleague.com/static-assets/images/club/498.png?v=100.24","Departures"
"90","Sreekuttan M SS. M S",18,"Centre-Forward","CF","<U+20B9>20 L","-","Kerala Blasters FC","https://www.indiansuperleague.com/static-assets/images/club/498.png?v=100.24","Departures"
"91","Denechandra MeiteiD. Meitei",29,"Left-Back","LB","<U+20B9>60 L","-","Kerala Blasters FC","https://www.indiansuperleague.com/static-assets/images/club/498.png?v=100.24","Departures"
"92","Apostolos GiannouA. Giannou",33,"Centre-Forward","CF","<U+20B9>1.8 Cr","-","Kerala Blasters FC","https://www.indiansuperleague.com/static-assets/images/club/498.png?v=100.24","Departures"
"93","Víctor MongilV. Mongil",30,"Centre-Back","CB","<U+20B9>2 Cr","-","Kerala Blasters FC","https://www.indiansuperleague.com/static-assets/images/club/498.png?v=100.24","Departures"
"94","Bijoy VBijoy V",23,"Centre-Back","CB","<U+20B9>40 L","loan transfer","Kerala Blasters FC","https://www.indiansuperleague.com/static-assets/images/club/498.png?v=100.24","Departures"
"95","Lara SharmaL. Sharma",24,"Goalkeeper","GK","<U+20B9>40 L","End of loanMay 31, 2024","Kerala Blasters FC","https://www.indiansuperleague.com/static-assets/images/club/498.png?v=100.24","Departures"
"96","Huidrom Naocha SinghH. Singh",24,"Left-Back","LB","<U+20B9>1.4 Cr","End of loanMay 31, 2024","Kerala Blasters FC","https://www.indiansuperleague.com/static-assets/images/club/498.png?v=100.24","Departures"
"97","Ivan KalyuzhnyiI. Kalyuzhnyi",25,"Central Midfield","CM","<U+20B9>4.4 Cr","End of loanJun 30, 2023","Kerala Blasters FC","https://www.indiansuperleague.com/static-assets/images/club/498.png?v=100.24","Departures"
"98","Udanta SinghU. Singh",27,"Right Winger","RW","<U+20B9>1.4 Cr","free transfer","FC Goa","https://www.indiansuperleague.com/static-assets/images/club/496.png?v=100.24","Arrivals"
"99","Carlos MartínezC. Martínez",37,"Centre-Forward","CF","<U+20B9>80 L","free transfer","FC Goa","https://www.indiansuperleague.com/static-assets/images/club/496.png?v=100.24","Arrivals"
"100","Odei OnaindiaO. Onaindia",33,"Centre-Back","CB","<U+20B9>2.2 Cr","free transfer","FC Goa","https://www.indiansuperleague.com/static-assets/images/club/496.png?v=100.24","Arrivals"
"101","Víctor RodríguezV. Rodríguez",33,"Attacking Midfield","AM","<U+20B9>1.8 Cr","free transfer","FC Goa","https://www.indiansuperleague.com/static-assets/images/club/496.png?v=100.24","Arrivals"
"102","Carl McHughC. McHugh",30,"Defensive Midfield","DM","<U+20B9>3.2 Cr","free transfer","FC Goa","https://www.indiansuperleague.com/static-assets/images/club/496.png?v=100.24","Arrivals"
"103","Narayan DasN. Das",29,"Left-Back","LB","<U+20B9>1 Cr","free transfer","FC Goa","https://www.indiansuperleague.com/static-assets/images/club/496.png?v=100.24","Arrivals"
"104","Paulo RetreP. Retre",30,"Defensive Midfield","DM","<U+20B9>3.6 Cr","free transfer","FC Goa","https://www.indiansuperleague.com/static-assets/images/club/496.png?v=100.24","Arrivals"
"105","Raynier FernandesR. Fernandes",27,"Central Midfield","CM","<U+20B9>1.6 Cr","free transfer","FC Goa","https://www.indiansuperleague.com/static-assets/images/club/496.png?v=100.24","Arrivals"
"106","Sandesh JhinganS. Jhingan",29,"Centre-Back","CB","<U+20B9>2 Cr","free transfer","FC Goa","https://www.indiansuperleague.com/static-assets/images/club/496.png?v=100.24","Arrivals"
"107","Boris SinghB. Singh",23,"Right-Back","RB","<U+20B9>1.8 Cr","free transfer","FC Goa","https://www.indiansuperleague.com/static-assets/images/club/496.png?v=100.24","Arrivals"
"108","Rowllin BorgesR. Borges",31,"Defensive Midfield","DM","<U+20B9>80 L","loan transfer","FC Goa","https://www.indiansuperleague.com/static-assets/images/club/496.png?v=100.24","Arrivals"
"109","Aibanbha DohlingA. Dohling",27,"Left-Back","LB","<U+20B9>1.8 Cr","<U+20B9>1.4 Cr","FC Goa","https://www.indiansuperleague.com/static-assets/images/club/496.png?v=100.24","Departures"
"110","Makan Winkle ChoteM. Chote",23,"Right Winger","RW","<U+20B9>1 Cr","free transfer","FC Goa","https://www.indiansuperleague.com/static-assets/images/club/496.png?v=100.24","Departures"
"111","Álvaro VázquezÁ. Vázquez",32,"Centre-Forward","CF","<U+20B9>2 Cr","free transfer","FC Goa","https://www.indiansuperleague.com/static-assets/images/club/496.png?v=100.24","Departures"
"112","Naveen KumarN. Kumar",34,"Goalkeeper","GK","<U+20B9>20 L","free transfer","FC Goa","https://www.indiansuperleague.com/static-assets/images/club/496.png?v=100.24","Departures"
"113","Iker GuarrotxenaI. Guarrotxena",30,"Left Winger","LW","<U+20B9>5.2 Cr","free transfer","FC Goa","https://www.indiansuperleague.com/static-assets/images/club/496.png?v=100.24","Departures"
"114","Lalremruata HPL. HP",21,"Attacking Midfield","AM","<U+20B9>20 L","free transfer","FC Goa","https://www.indiansuperleague.com/static-assets/images/club/496.png?v=100.24","Departures"
"115","Lenny RodriguesL. Rodrigues",36,"Defensive Midfield","DM","<U+20B9>40 L","free transfer","FC Goa","https://www.indiansuperleague.com/static-assets/images/club/496.png?v=100.24","Departures"
"116","Redeem TlangR. Tlang",28,"Right Winger","RW","<U+20B9>1.6 Cr","free transfer","FC Goa","https://www.indiansuperleague.com/static-assets/images/club/496.png?v=100.24","Departures"
"117","Edu BediaEdu Bedia",34,"Defensive Midfield","DM","<U+20B9>2.2 Cr","free transfer","FC Goa","https://www.indiansuperleague.com/static-assets/images/club/496.png?v=100.24","Departures"
"118","Lesly RebelloL. Rebello",23,"Centre-Back","CB","<U+20B9>20 L","free transfer","FC Goa","https://www.indiansuperleague.com/static-assets/images/club/496.png?v=100.24","Departures"
"119","Amarjit SinghA. Singh",22,"Defensive Midfield","DM","<U+20B9>60 L","?","FC Goa","https://www.indiansuperleague.com/static-assets/images/club/496.png?v=100.24","Departures"
"120","Nikhil PrabhuN. Prabhu",22,"Centre-Back","CB","<U+20B9>60 L","?","FC Goa","https://www.indiansuperleague.com/static-assets/images/club/496.png?v=100.24","Departures"
"121","Fares ArnaoutF. Arnaout",26,"Centre-Back","CB","<U+20B9>2.8 Cr","?","FC Goa","https://www.indiansuperleague.com/static-assets/images/club/496.png?v=100.24","Departures"
"122","Hernán SantanaH. Santana",32,"Central Midfield","CM","<U+20B9>1.6 Cr","-","FC Goa","https://www.indiansuperleague.com/static-assets/images/club/496.png?v=100.24","Departures"
"123","Rowllin BorgesR. Borges",31,"Defensive Midfield","DM","<U+20B9>80 L","End of loanMay 31, 2024","FC Goa","https://www.indiansuperleague.com/static-assets/images/club/496.png?v=100.24","Departures"
"124","Akash MishraA. Mishra",21,"Left-Back","LB","<U+20B9>3 Cr","<U+20B9>2.6 Cr","Mumbai City FC","https://www.indiansuperleague.com/static-assets/images/club/506.png?v=100.24","Arrivals"
"125","Franklin Robin NazarethF. Nazareth",19,"Defensive Midfield","DM","-","free transfer","Mumbai City FC","https://www.indiansuperleague.com/static-assets/images/club/506.png?v=100.24","Arrivals"
"126","Nathan Asher RodriguesN. Rodrigues",19,"Centre-Back","CB","-","free transfer","Mumbai City FC","https://www.indiansuperleague.com/static-assets/images/club/506.png?v=100.24","Arrivals"
"127","Seilenthang LotjemS. Lotjem",19,"Centre-Forward","CF","<U+20B9>80 L","free transfer","Mumbai City FC","https://www.indiansuperleague.com/static-assets/images/club/506.png?v=100.24","Arrivals"
"128","Vinit RaiVinit Rai",25,"Defensive Midfield","DM","<U+20B9>1 Cr","free transfer","Mumbai City FC","https://www.indiansuperleague.com/static-assets/images/club/506.png?v=100.24","Arrivals"
"129","Yoëll van NieffY. van Nieff",30,"Defensive Midfield","DM","<U+20B9>4 Cr","free transfer","Mumbai City FC","https://www.indiansuperleague.com/static-assets/images/club/506.png?v=100.24","Arrivals"
"130","Nasser El KhayatiN. El Khayati",34,"Attacking Midfield","AM","<U+20B9>3 Cr","free transfer","Mumbai City FC","https://www.indiansuperleague.com/static-assets/images/club/506.png?v=100.24","Arrivals"
"131","TiriTiri",31,"Centre-Back","CB","<U+20B9>2.4 Cr","free transfer","Mumbai City FC","https://www.indiansuperleague.com/static-assets/images/club/506.png?v=100.24","Arrivals"
"132","Jayesh RaneJ. Rane",30,"Defensive Midfield","DM","<U+20B9>80 L","loan transfer","Mumbai City FC","https://www.indiansuperleague.com/static-assets/images/club/506.png?v=100.24","Arrivals"
"133","Amey RanawadeA. Ranawade",26,"Centre-Back","CB","<U+20B9>60 L","End of loanMay 31, 2024","Mumbai City FC","https://www.indiansuperleague.com/static-assets/images/club/506.png?v=100.24","Arrivals"
"134","Huidrom Naocha SinghH. Singh",24,"Left-Back","LB","<U+20B9>1.4 Cr","End of loanMay 31, 2024","Mumbai City FC","https://www.indiansuperleague.com/static-assets/images/club/506.png?v=100.24","Arrivals"
"135","Gyamar NikumG. Nikum",19,"Right Midfield","RM","<U+20B9>1 Cr","End of loanMay 31, 2024","Mumbai City FC","https://www.indiansuperleague.com/static-assets/images/club/506.png?v=100.24","Arrivals"
"136","Naorem Tondomba SinghN. Singh",25,"Defensive Midfield","DM","<U+20B9>80 L","End of loanMay 31, 2024","Mumbai City FC","https://www.indiansuperleague.com/static-assets/images/club/506.png?v=100.24","Arrivals"
"137","Rowllin BorgesR. Borges",31,"Defensive Midfield","DM","<U+20B9>80 L","End of loanMay 31, 2024","Mumbai City FC","https://www.indiansuperleague.com/static-assets/images/club/506.png?v=100.24","Arrivals"
"138","Mandar Rao DesaiM. Desai",31,"Left-Back","LB","<U+20B9>1.4 Cr","free transfer","Mumbai City FC","https://www.indiansuperleague.com/static-assets/images/club/506.png?v=100.24","Departures"
"139","Asif KhanAsif Khan",22,"Attacking Midfield","AM","<U+20B9>20 L","free transfer","Mumbai City FC","https://www.indiansuperleague.com/static-assets/images/club/506.png?v=100.24","Departures"
"140","Jackichand SinghJ. Singh",31,"Right Winger","RW","<U+20B9>40 L","free transfer","Mumbai City FC","https://www.indiansuperleague.com/static-assets/images/club/506.png?v=100.24","Departures"
"141","Raynier FernandesR. Fernandes",27,"Central Midfield","CM","<U+20B9>1.6 Cr","free transfer","Mumbai City FC","https://www.indiansuperleague.com/static-assets/images/club/506.png?v=100.24","Departures"
"142","Gursimrat Singh GillG. Singh Gill",26,"Centre-Back","CB","<U+20B9>40 L","free transfer","Mumbai City FC","https://www.indiansuperleague.com/static-assets/images/club/506.png?v=100.24","Departures"
"143","Ahmed JahouhA. Jahouh",34,"Defensive Midfield","DM","<U+20B9>2.2 Cr","free transfer","Mumbai City FC","https://www.indiansuperleague.com/static-assets/images/club/506.png?v=100.24","Departures"
"144","Mourtada FallM. Fall",35,"Centre-Back","CB","<U+20B9>1.8 Cr","free transfer","Mumbai City FC","https://www.indiansuperleague.com/static-assets/images/club/506.png?v=100.24","Departures"
"145","Naorem Tondomba SinghN. Singh",24,"Defensive Midfield","DM","<U+20B9>80 L","loan transfer","Mumbai City FC","https://www.indiansuperleague.com/static-assets/images/club/506.png?v=100.24","Departures"
"146","Rowllin BorgesR. Borges",31,"Defensive Midfield","DM","<U+20B9>80 L","loan transfer","Mumbai City FC","https://www.indiansuperleague.com/static-assets/images/club/506.png?v=100.24","Departures"
"147","Huidrom Naocha SinghH. Singh",23,"Left-Back","LB","<U+20B9>1.4 Cr","loan transfer","Mumbai City FC","https://www.indiansuperleague.com/static-assets/images/club/506.png?v=100.24","Departures"
"148","Pranjal BhumijP. Bhumij",24,"Centre-Forward","CF","<U+20B9>60 L","?","Mumbai City FC","https://www.indiansuperleague.com/static-assets/images/club/506.png?v=100.24","Departures"
"149","Vignesh DVignesh D",25,"Left-Back","LB","<U+20B9>1.4 Cr","?","Mumbai City FC","https://www.indiansuperleague.com/static-assets/images/club/506.png?v=100.24","Departures"
"150","Amey RanawadeA. Ranawade",25,"Centre-Back","CB","<U+20B9>60 L","loan transfer","Mumbai City FC","https://www.indiansuperleague.com/static-assets/images/club/506.png?v=100.24","Departures"
"151","Gyamar NikumG. Nikum",18,"Right Midfield","RM","<U+20B9>1 Cr","loan transfer","Mumbai City FC","https://www.indiansuperleague.com/static-assets/images/club/506.png?v=100.24","Departures"
"152","Jayesh RaneJ. Rane",31,"Defensive Midfield","DM","<U+20B9>80 L","End of loanMay 31, 2024","Mumbai City FC","https://www.indiansuperleague.com/static-assets/images/club/506.png?v=100.24","Departures"
"153","Redeem TlangR. Tlang",28,"Right Winger","RW","<U+20B9>1.6 Cr","free transfer","NorthEast United FC","https://www.indiansuperleague.com/static-assets/images/club/504.png?v=100.24","Arrivals"
"154","Bekey OramB. Oram",19,"Attack","Attack","-","free transfer","NorthEast United FC","https://www.indiansuperleague.com/static-assets/images/club/504.png?v=100.24","Arrivals"
"155","Danny MeiteiD. Meitei",15,"Midfield","Midfield","-","free transfer","NorthEast United FC","https://www.indiansuperleague.com/static-assets/images/club/504.png?v=100.24","Arrivals"
"156","Yaser HamedY. Hamed",25,"Centre-Back","CB","<U+20B9>3.6 Cr","free transfer","NorthEast United FC","https://www.indiansuperleague.com/static-assets/images/club/504.png?v=100.24","Arrivals"
"157","Dipesh ChauhanD. Chauhan",19,"Goalkeeper","GK","-","free transfer","NorthEast United FC","https://www.indiansuperleague.com/static-assets/images/club/504.png?v=100.24","Arrivals"
"158","Mohammed Ali BemammerM. Bemammer",33,"Defensive Midfield","DM","<U+20B9>3.2 Cr","free transfer","NorthEast United FC","https://www.indiansuperleague.com/static-assets/images/club/504.png?v=100.24","Arrivals"
"159","Macarton Louis NicksonM. Nickson",19,"Attack","Attack","<U+20B9>20 L","free transfer","NorthEast United FC","https://www.indiansuperleague.com/static-assets/images/club/504.png?v=100.24","Arrivals"
"160","Mukul PanwarM. Panwar",16,"Defence","Defence","-","free transfer","NorthEast United FC","https://www.indiansuperleague.com/static-assets/images/club/504.png?v=100.24","Arrivals"
"161","Shajan FranklinS. Franklin",22,"Midfield","Midfield","-","free transfer","NorthEast United FC","https://www.indiansuperleague.com/static-assets/images/club/504.png?v=100.24","Arrivals"
"162","Thoi SinghT. Singh",19,"Centre-Forward","CF","<U+20B9>20 L","free transfer","NorthEast United FC","https://www.indiansuperleague.com/static-assets/images/club/504.png?v=100.24","Arrivals"
"163","FredyFredy",20,"Attack","Attack","-","free transfer","NorthEast United FC","https://www.indiansuperleague.com/static-assets/images/club/504.png?v=100.24","Arrivals"
"164","Néstor AlbiachN. Albiach",30,"Second Striker","SS","<U+20B9>2 Cr","free transfer","NorthEast United FC","https://www.indiansuperleague.com/static-assets/images/club/504.png?v=100.24","Arrivals"
"165","Dinesh SinghD. Singh",25,"Centre-Back","CB","<U+20B9>80 L","free transfer","NorthEast United FC","https://www.indiansuperleague.com/static-assets/images/club/504.png?v=100.24","Arrivals"
"166","Ibson MeloIbson Melo",33,"Centre-Forward","CF","<U+20B9>2.4 Cr","free transfer","NorthEast United FC","https://www.indiansuperleague.com/static-assets/images/club/504.png?v=100.24","Arrivals"
"167","Phalguni SinghPhalguni Singh",28,"Defensive Midfield","DM","<U+20B9>1.2 Cr","free transfer","NorthEast United FC","https://www.indiansuperleague.com/static-assets/images/club/504.png?v=100.24","Arrivals"
"168","Buanthanglun SamteB. Samte",23,"Left-Back","LB","<U+20B9>1 Cr","free transfer","NorthEast United FC","https://www.indiansuperleague.com/static-assets/images/club/504.png?v=100.24","Arrivals"
"169","Míchel ZabacoM. Zabaco",34,"Centre-Back","CB","<U+20B9>1.6 Cr","free transfer","NorthEast United FC","https://www.indiansuperleague.com/static-assets/images/club/504.png?v=100.24","Arrivals"
"170","Asheer AkhtarA. Akhtar",28,"Right-Back","RB","<U+20B9>1.2 Cr","?","NorthEast United FC","https://www.indiansuperleague.com/static-assets/images/club/504.png?v=100.24","Arrivals"
"171","Shighil NambrathShighil Nambrath",20,"Midfield","Midfield","-","?","NorthEast United FC","https://www.indiansuperleague.com/static-assets/images/club/504.png?v=100.24","Arrivals"
"172","Emanuel LalchhanchhuahaE. Lalchhanchhuaha",21,"Attacking Midfield","AM","<U+20B9>60 L","free transfer","NorthEast United FC","https://www.indiansuperleague.com/static-assets/images/club/504.png?v=100.24","Departures"
"173","Joe ZoherlianaJ. Zoherliana",24,"Right-Back","RB","<U+20B9>60 L","free transfer","NorthEast United FC","https://www.indiansuperleague.com/static-assets/images/club/504.png?v=100.24","Departures"
"174","Mohammed IrshadM. Irshad",28,"Centre-Back","CB","<U+20B9>60 L","free transfer","NorthEast United FC","https://www.indiansuperleague.com/static-assets/images/club/504.png?v=100.24","Departures"
"175","Imran KhanI. Khan",28,"Left Winger","LW","<U+20B9>60 L","free transfer","NorthEast United FC","https://www.indiansuperleague.com/static-assets/images/club/504.png?v=100.24","Departures"
"176","Arindam BhattacharjaA. Bhattacharja",33,"Goalkeeper","GK","<U+20B9>60 L","free transfer","NorthEast United FC","https://www.indiansuperleague.com/static-assets/images/club/504.png?v=100.24","Departures"
"177","Alisher KholmurodovA. Kholmurodov",26,"Centre-Back","CB","-","free transfer","NorthEast United FC","https://www.indiansuperleague.com/static-assets/images/club/504.png?v=100.24","Departures"
"178","Wilmar Jordán GilW. Jordán Gil",32,"Centre-Forward","CF","<U+20B9>2.4 Cr","free transfer","NorthEast United FC","https://www.indiansuperleague.com/static-assets/images/club/504.png?v=100.24","Departures"
"179","Sehnaj SinghS. Singh",30,"Central Midfield","CM","<U+20B9>40 L","free transfer","NorthEast United FC","https://www.indiansuperleague.com/static-assets/images/club/504.png?v=100.24","Departures"
"180","Mashoor ShereefMashoor Shereef",30,"Centre-Back","CB","<U+20B9>60 L","free transfer","NorthEast United FC","https://www.indiansuperleague.com/static-assets/images/club/504.png?v=100.24","Departures"
"181","Provat LakraP. Lakra",25,"Left-Back","LB","<U+20B9>40 L","free transfer","NorthEast United FC","https://www.indiansuperleague.com/static-assets/images/club/504.png?v=100.24","Departures"
"182","Emil BennyE. Benny",22,"Attacking Midfield","AM","<U+20B9>1.4 Cr","?","NorthEast United FC","https://www.indiansuperleague.com/static-assets/images/club/504.png?v=100.24","Departures"
"183","Nikhil DekaN. Deka",21,"Goalkeeper","GK","<U+20B9>20 L","?","NorthEast United FC","https://www.indiansuperleague.com/static-assets/images/club/504.png?v=100.24","Departures"
"184","Gurjinder KumarG. Kumar",32,"Left-Back","LB","<U+20B9>60 L","-","NorthEast United FC","https://www.indiansuperleague.com/static-assets/images/club/504.png?v=100.24","Departures"
"185","DanmawiaDanmawia",30,"Left Winger","LW","<U+20B9>40 L","-","NorthEast United FC","https://www.indiansuperleague.com/static-assets/images/club/504.png?v=100.24","Departures"
"186","Aaron EvansA. Evans",28,"Centre-Back","CB","<U+20B9>2.2 Cr","-","NorthEast United FC","https://www.indiansuperleague.com/static-assets/images/club/504.png?v=100.24","Departures"
"187","Joseba BeitiaJ. Beitia",32,"Central Midfield","CM","<U+20B9>80 L","-","NorthEast United FC","https://www.indiansuperleague.com/static-assets/images/club/504.png?v=100.24","Departures"
"188","Jestin GeorgeJ. George",25,"Centre-Back","CB","<U+20B9>1.2 Cr","-","NorthEast United FC","https://www.indiansuperleague.com/static-assets/images/club/504.png?v=100.24","Departures"
"189","Dipu MirdhaD. Mirdha",24,"Attacking Midfield","AM","<U+20B9>40 L","-","NorthEast United FC","https://www.indiansuperleague.com/static-assets/images/club/504.png?v=100.24","Departures"
"190","Alfred LalruotsangA. Lalruotsang",20,"Centre-Forward","CF","<U+20B9>40 L","loan transfer","NorthEast United FC","https://www.indiansuperleague.com/static-assets/images/club/504.png?v=100.24","Departures"
"191","Joe KnowlesJ. Knowles",27,"Right Winger","RW","<U+20B9>1.2 Cr","free transfer","Hyderabad FC","https://www.indiansuperleague.com/static-assets/images/club/1536.png?v=100.24","Arrivals"
"192","Makan Winkle ChoteM. Chote",23,"Right Winger","RW","<U+20B9>1 Cr","free transfer","Hyderabad FC","https://www.indiansuperleague.com/static-assets/images/club/1536.png?v=100.24","Arrivals"
"193","Felipe AmorimFelipe Amorim",32,"Left Winger","LW","<U+20B9>2.4 Cr","free transfer","Hyderabad FC","https://www.indiansuperleague.com/static-assets/images/club/1536.png?v=100.24","Arrivals"
"194","Vignesh DVignesh D",25,"Left-Back","LB","<U+20B9>1.4 Cr","?","Hyderabad FC","https://www.indiansuperleague.com/static-assets/images/club/1536.png?v=100.24","Arrivals"
"195","Petteri PennanenP. Pennanen",32,"Central Midfield","CM","<U+20B9>2 Cr","?","Hyderabad FC","https://www.indiansuperleague.com/static-assets/images/club/1536.png?v=100.24","Arrivals"
"196","Lalchhanhima SailoL. Sailo",20,"Right Midfield","RM","<U+20B9>1 Cr","?","Hyderabad FC","https://www.indiansuperleague.com/static-assets/images/club/1536.png?v=100.24","Arrivals"
"197","Jonathan MoyaJ. Moya",31,"Centre-Forward","CF","<U+20B9>4 Cr","-","Hyderabad FC","https://www.indiansuperleague.com/static-assets/images/club/1536.png?v=100.24","Arrivals"
"198","Oswaldo AlanísO. Alanís",34,"Centre-Back","CB","<U+20B9>6.4 Cr","-","Hyderabad FC","https://www.indiansuperleague.com/static-assets/images/club/1536.png?v=100.24","Arrivals"
"199","Mohammed RafiM. Rafi",22,"Centre-Back","CB","-","-","Hyderabad FC","https://www.indiansuperleague.com/static-assets/images/club/1536.png?v=100.24","Arrivals"
"200","Lalchungnunga ChhangteL. Chhangte",23,"Left Winger","LW","<U+20B9>40 L","End of loanMay 31, 2024","Hyderabad FC","https://www.indiansuperleague.com/static-assets/images/club/1536.png?v=100.24","Arrivals"
"201","Akash MishraA. Mishra",21,"Left-Back","LB","<U+20B9>3 Cr","<U+20B9>2.6 Cr","Hyderabad FC","https://www.indiansuperleague.com/static-assets/images/club/1536.png?v=100.24","Departures"
"202","BiakaBiaka",20,"Goalkeeper","GK","<U+20B9>40 L","free transfer","Hyderabad FC","https://www.indiansuperleague.com/static-assets/images/club/1536.png?v=100.24","Departures"
"203","Odei OnaindiaO. Onaindia",33,"Centre-Back","CB","<U+20B9>2.2 Cr","free transfer","Hyderabad FC","https://www.indiansuperleague.com/static-assets/images/club/1536.png?v=100.24","Departures"
"204","Sweden FernandesS. Fernandes",23,"Right Midfield","RM","<U+20B9>80 L","free transfer","Hyderabad FC","https://www.indiansuperleague.com/static-assets/images/club/1536.png?v=100.24","Departures"
"205","Amritpal SinghA. Singh",22,"Centre-Back","CB","<U+20B9>60 L","free transfer","Hyderabad FC","https://www.indiansuperleague.com/static-assets/images/club/1536.png?v=100.24","Departures"
"206","Borja HerreraB. Herrera",30,"Attacking Midfield","AM","<U+20B9>2.4 Cr","free transfer","Hyderabad FC","https://www.indiansuperleague.com/static-assets/images/club/1536.png?v=100.24","Departures"
"207","Javi SiverioJ. Siverio",25,"Centre-Forward","CF","<U+20B9>2.6 Cr","free transfer","Hyderabad FC","https://www.indiansuperleague.com/static-assets/images/club/1536.png?v=100.24","Departures"
"208","Rohit DanuR. Danu",20,"Centre-Forward","CF","<U+20B9>80 L","free transfer","Hyderabad FC","https://www.indiansuperleague.com/static-assets/images/club/1536.png?v=100.24","Departures"
"209","Halicharan NarzaryH. Narzary",29,"Left Winger","LW","<U+20B9>1.8 Cr","free transfer","Hyderabad FC","https://www.indiansuperleague.com/static-assets/images/club/1536.png?v=100.24","Departures"
"210","Lalchungnunga ChhangteL. Chhangte",22,"Left Winger","LW","<U+20B9>40 L","loan transfer","Hyderabad FC","https://www.indiansuperleague.com/static-assets/images/club/1536.png?v=100.24","Departures"
"211","Joel ChianeseJ. Chianese",33,"Centre-Forward","CF","<U+20B9>2.2 Cr","-","Hyderabad FC","https://www.indiansuperleague.com/static-assets/images/club/1536.png?v=100.24","Departures"
"212","Bartholomew OgbecheB. Ogbeche",38,"Centre-Forward","CF","<U+20B9>1.4 Cr","-","Hyderabad FC","https://www.indiansuperleague.com/static-assets/images/club/1536.png?v=100.24","Departures"
"213","Lalawmpuia RalteL. Ralte",23,"Centre-Forward","CF","<U+20B9>20 L","-","Hyderabad FC","https://www.indiansuperleague.com/static-assets/images/club/1536.png?v=100.24","Departures"
"214","Cy GoddardC. Goddard",26,"Left Winger","LW","<U+20B9>1.4 Cr","free transfer","Odisha FC","https://www.indiansuperleague.com/static-assets/images/club/1499.png?v=100.24","Arrivals"
"215","Paogoumang SingsonP. Singson",19,"Centre-Back","CB","<U+20B9>60 L","free transfer","Odisha FC","https://www.indiansuperleague.com/static-assets/images/club/1499.png?v=100.24","Arrivals"
"216","Jerry LalrinzualaJ. Lalrinzuala",24,"Left-Back","LB","<U+20B9>1 Cr","free transfer","Odisha FC","https://www.indiansuperleague.com/static-assets/images/club/1499.png?v=100.24","Arrivals"
"217","Lalliansanga RenthleiL. Renthlei",24,"Central Midfield","CM","<U+20B9>80 L","free transfer","Odisha FC","https://www.indiansuperleague.com/static-assets/images/club/1499.png?v=100.24","Arrivals"
"218","Ashangbam Aphaoba SinghA. Singh",19,"Centre-Forward","CF","<U+20B9>40 L","free transfer","Odisha FC","https://www.indiansuperleague.com/static-assets/images/club/1499.png?v=100.24","Arrivals"
"219","Lenny RodriguesL. Rodrigues",36,"Defensive Midfield","DM","<U+20B9>40 L","free transfer","Odisha FC","https://www.indiansuperleague.com/static-assets/images/club/1499.png?v=100.24","Arrivals"
"220","Ahmed JahouhA. Jahouh",34,"Defensive Midfield","DM","<U+20B9>2.2 Cr","free transfer","Odisha FC","https://www.indiansuperleague.com/static-assets/images/club/1499.png?v=100.24","Arrivals"
"221","Mourtada FallM. Fall",35,"Centre-Back","CB","<U+20B9>1.8 Cr","free transfer","Odisha FC","https://www.indiansuperleague.com/static-assets/images/club/1499.png?v=100.24","Arrivals"
"222","Roy KrishnaR. Krishna",35,"Centre-Forward","CF","<U+20B9>2 Cr","free transfer","Odisha FC","https://www.indiansuperleague.com/static-assets/images/club/1499.png?v=100.24","Arrivals"
"223","Laldinliana RenthleiL. Renthlei",24,"Right-Back","RB","<U+20B9>1.6 Cr","free transfer","Odisha FC","https://www.indiansuperleague.com/static-assets/images/club/1499.png?v=100.24","Arrivals"
"224","Givson SinghG. Singh",21,"Attacking Midfield","AM","<U+20B9>60 L","loan transfer","Odisha FC","https://www.indiansuperleague.com/static-assets/images/club/1499.png?v=100.24","Arrivals"
"225","PuiteaPuitea",25,"Central Midfield","CM","<U+20B9>1 Cr","?","Odisha FC","https://www.indiansuperleague.com/static-assets/images/club/1499.png?v=100.24","Arrivals"
"226","Pranjal BhumijP. Bhumij",24,"Centre-Forward","CF","<U+20B9>60 L","?","Odisha FC","https://www.indiansuperleague.com/static-assets/images/club/1499.png?v=100.24","Arrivals"
"227","Pungte LapungP. Lapung",20,"Midfield","Midfield","-","-","Odisha FC","https://www.indiansuperleague.com/static-assets/images/club/1499.png?v=100.24","Arrivals"
"228","Amey RanawadeA. Ranawade",25,"Centre-Back","CB","<U+20B9>60 L","loan transfer","Odisha FC","https://www.indiansuperleague.com/static-assets/images/club/1499.png?v=100.24","Arrivals"
"229","Lalhrezuala SailungL. Sailung",23,"Right-Back","RB","<U+20B9>60 L","End of loanMay 31, 2024","Odisha FC","https://www.indiansuperleague.com/static-assets/images/club/1499.png?v=100.24","Arrivals"
"230","Pedro MartínP. Martín",31,"Centre-Forward","CF","<U+20B9>2 Cr","free transfer","Odisha FC","https://www.indiansuperleague.com/static-assets/images/club/1499.png?v=100.24","Departures"
"231","Sebastian ThangmuansangS. Thangmuansang",25,"Right-Back","RB","<U+20B9>60 L","free transfer","Odisha FC","https://www.indiansuperleague.com/static-assets/images/club/1499.png?v=100.24","Departures"
"232","Rishabh DobriyalR. Dobriyal",21,"Right Winger","RW","<U+20B9>20 L","free transfer","Odisha FC","https://www.indiansuperleague.com/static-assets/images/club/1499.png?v=100.24","Departures"
"233","Akshunna TyagiA. Tyagi",21,"Attack","Attack","<U+20B9>20 L","free transfer","Odisha FC","https://www.indiansuperleague.com/static-assets/images/club/1499.png?v=100.24","Departures"
"234","Víctor RodríguezV. Rodríguez",33,"Attacking Midfield","AM","<U+20B9>1.8 Cr","free transfer","Odisha FC","https://www.indiansuperleague.com/static-assets/images/club/1499.png?v=100.24","Departures"
"235","Vinit RaiVinit Rai",25,"Defensive Midfield","DM","<U+20B9>1 Cr","free transfer","Odisha FC","https://www.indiansuperleague.com/static-assets/images/club/1499.png?v=100.24","Departures"
"236","LalruattharaLalruatthara",28,"Left-Back","LB","<U+20B9>60 L","free transfer","Odisha FC","https://www.indiansuperleague.com/static-assets/images/club/1499.png?v=100.24","Departures"
"237","Saúl CrespoS. Crespo",26,"Central Midfield","CM","<U+20B9>3.2 Cr","free transfer","Odisha FC","https://www.indiansuperleague.com/static-assets/images/club/1499.png?v=100.24","Departures"
"238","Nandha Kumar SekarN. Sekar",27,"Left Winger","LW","<U+20B9>2.2 Cr","free transfer","Odisha FC","https://www.indiansuperleague.com/static-assets/images/club/1499.png?v=100.24","Departures"
"239","Lalhrezuala SailungL. Sailung",22,"Right-Back","RB","<U+20B9>60 L","loan transfer","Odisha FC","https://www.indiansuperleague.com/static-assets/images/club/1499.png?v=100.24","Departures"
"240","Amey RanawadeA. Ranawade",26,"Centre-Back","CB","<U+20B9>60 L","End of loanMay 31, 2024","Odisha FC","https://www.indiansuperleague.com/static-assets/images/club/1499.png?v=100.24","Departures"
"241","Osama MalikO. Malik",32,"Defensive Midfield","DM","<U+20B9>2 Cr","-","Odisha FC","https://www.indiansuperleague.com/static-assets/images/club/1499.png?v=100.24","Departures"
"242","Dylan D'SilvaDylan D'Silva",23,"Goalkeeper","GK","<U+20B9>20 L","-","Odisha FC","https://www.indiansuperleague.com/static-assets/images/club/1499.png?v=100.24","Departures"
"243","Karan AminK. Amin",33,"Right-Back","RB","<U+20B9>20 L","-","Odisha FC","https://www.indiansuperleague.com/static-assets/images/club/1499.png?v=100.24","Departures"
"244","Shubham SarangiS. Sarangi",22,"Right-Back","RB","<U+20B9>60 L","-","Odisha FC","https://www.indiansuperleague.com/static-assets/images/club/1499.png?v=100.24","Departures"
"245","Givson SinghG. Singh",21,"Attacking Midfield","AM","<U+20B9>60 L","End of loanMay 31, 2024","Odisha FC","https://www.indiansuperleague.com/static-assets/images/club/1499.png?v=100.24","Departures"
"246","Rei TachikawaR. Tachikawa",25,"Central Midfield","CM","<U+20B9>2 Cr","free transfer","Jamshedpur FC","https://www.indiansuperleague.com/static-assets/images/club/1159.png?v=100.24","Arrivals"
"247","Wungngayam MuirangW. Muirang",24,"Centre-Back","CB","<U+20B9>40 L","free transfer","Jamshedpur FC","https://www.indiansuperleague.com/static-assets/images/club/1159.png?v=100.24","Arrivals"
"248","Petar SliskovicP. Sliskovic",32,"Centre-Forward","CF","<U+20B9>2 Cr","free transfer","Jamshedpur FC","https://www.indiansuperleague.com/static-assets/images/club/1159.png?v=100.24","Arrivals"
"249","Sanan Mohammed KS. K",19,"Left Winger","LW","-","free transfer","Jamshedpur FC","https://www.indiansuperleague.com/static-assets/images/club/1159.png?v=100.24","Arrivals"
"250","Semboi HaokipS. Haokip",30,"Centre-Forward","CF","<U+20B9>60 L","free transfer","Jamshedpur FC","https://www.indiansuperleague.com/static-assets/images/club/1159.png?v=100.24","Arrivals"
"251","Nongdamba NaoremN. Naorem",23,"Left Winger","LW","<U+20B9>40 L","free transfer","Jamshedpur FC","https://www.indiansuperleague.com/static-assets/images/club/1159.png?v=100.24","Arrivals"
"252","Imran KhanI. Khan",28,"Left Winger","LW","<U+20B9>60 L","free transfer","Jamshedpur FC","https://www.indiansuperleague.com/static-assets/images/club/1159.png?v=100.24","Arrivals"
"253","Alen StevanovicA. Stevanovic",32,"Left Winger","LW","<U+20B9>2 Cr","free transfer","Jamshedpur FC","https://www.indiansuperleague.com/static-assets/images/club/1159.png?v=100.24","Arrivals"
"254","Steve AmbriS. Ambri",26,"Right Winger","RW","<U+20B9>3.2 Cr","free transfer","Jamshedpur FC","https://www.indiansuperleague.com/static-assets/images/club/1159.png?v=100.24","Arrivals"
"255","Provat LakraP. Lakra",25,"Left-Back","LB","<U+20B9>40 L","free transfer","Jamshedpur FC","https://www.indiansuperleague.com/static-assets/images/club/1159.png?v=100.24","Arrivals"
"256","Jérémy ManzorroJ. Manzorro",31,"Attacking Midfield","AM","<U+20B9>40 L","free transfer","Jamshedpur FC","https://www.indiansuperleague.com/static-assets/images/club/1159.png?v=100.24","Arrivals"
"257","Emil BennyE. Benny",22,"Attacking Midfield","AM","<U+20B9>1.4 Cr","?","Jamshedpur FC","https://www.indiansuperleague.com/static-assets/images/club/1159.png?v=100.24","Arrivals"
"258","ElsinhoElsinho",32,"Central Midfield","CM","<U+20B9>1.6 Cr","-","Jamshedpur FC","https://www.indiansuperleague.com/static-assets/images/club/1159.png?v=100.24","Arrivals"
"259","Ayush JenaA. Jena",21,"Goalkeeper","GK","-","-","Jamshedpur FC","https://www.indiansuperleague.com/static-assets/images/club/1159.png?v=100.24","Arrivals"
"260","Sk SahilSk Sahil",24,"Central Midfield","CM","<U+20B9>60 L","End of loanMay 31, 2024","Jamshedpur FC","https://www.indiansuperleague.com/static-assets/images/club/1159.png?v=100.24","Arrivals"
"261","Rafael CrivellaroR. Crivellaro",34,"Attacking Midfield","AM","<U+20B9>1.4 Cr","free transfer","Jamshedpur FC","https://www.indiansuperleague.com/static-assets/images/club/1159.png?v=100.24","Departures"
"262","Ishan PanditaI. Pandita",25,"Centre-Forward","CF","<U+20B9>1.8 Cr","free transfer","Jamshedpur FC","https://www.indiansuperleague.com/static-assets/images/club/1159.png?v=100.24","Departures"
"263","Phijam Vikash SinghP. Singh",20,"Central Midfield","CM","<U+20B9>20 L","free transfer","Jamshedpur FC","https://www.indiansuperleague.com/static-assets/images/club/1159.png?v=100.24","Departures"
"264","Eli SabiáE. Sabiá",34,"Centre-Back","CB","<U+20B9>1 Cr","free transfer","Jamshedpur FC","https://www.indiansuperleague.com/static-assets/images/club/1159.png?v=100.24","Departures"
"265","Laldinliana RenthleiL. Renthlei",24,"Right-Back","RB","<U+20B9>1.6 Cr","free transfer","Jamshedpur FC","https://www.indiansuperleague.com/static-assets/images/club/1159.png?v=100.24","Departures"
"266","Farukh ChoudharyF. Choudhary",26,"Right Winger","RW","<U+20B9>60 L","free transfer","Jamshedpur FC","https://www.indiansuperleague.com/static-assets/images/club/1159.png?v=100.24","Departures"
"267","Boris SinghB. Singh",23,"Right-Back","RB","<U+20B9>1.8 Cr","free transfer","Jamshedpur FC","https://www.indiansuperleague.com/static-assets/images/club/1159.png?v=100.24","Departures"
"268","Harry SawyerH. Sawyer",26,"Centre-Forward","CF","<U+20B9>1.2 Cr","free transfer","Jamshedpur FC","https://www.indiansuperleague.com/static-assets/images/club/1159.png?v=100.24","Departures"
"269","Sk SahilSk Sahil",23,"Central Midfield","CM","<U+20B9>60 L","loan transfer","Jamshedpur FC","https://www.indiansuperleague.com/static-assets/images/club/1159.png?v=100.24","Departures"
"270","Dylan FoxDylan Fox",29,"Centre-Back","CB","<U+20B9>1.2 Cr","-","Jamshedpur FC","https://www.indiansuperleague.com/static-assets/images/club/1159.png?v=100.24","Departures"
"271","Petar SliskovicP. Sliskovic",32,"Centre-Forward","CF","<U+20B9>2 Cr","-","Jamshedpur FC","https://www.indiansuperleague.com/static-assets/images/club/1159.png?v=100.24","Departures"
"272","Jay Emmanuel-ThomasJ. Emmanuel-Thomas",32,"Attacking Midfield","AM","<U+20B9>2 Cr","-","Jamshedpur FC","https://www.indiansuperleague.com/static-assets/images/club/1159.png?v=100.24","Departures"
"273","Keziah VeendorpK. Veendorp",26,"Defensive Midfield","DM","<U+20B9>4.4 Cr","free transfer","Bengaluru FC","https://www.indiansuperleague.com/static-assets/images/club/656.png?v=100.24","Arrivals"
"274","Sahil PooniaS. Poonia",17,"Goalkeeper","GK","-","free transfer","Bengaluru FC","https://www.indiansuperleague.com/static-assets/images/club/656.png?v=100.24","Arrivals"
"275","Ryan WilliamsR. Williams",29,"Right Midfield","RM","<U+20B9>2.8 Cr","free transfer","Bengaluru FC","https://www.indiansuperleague.com/static-assets/images/club/656.png?v=100.24","Arrivals"
"276","Jessel CarneiroJ. Carneiro",33,"Left-Back","LB","<U+20B9>60 L","free transfer","Bengaluru FC","https://www.indiansuperleague.com/static-assets/images/club/656.png?v=100.24","Arrivals"
"277","Shankar SampingirajS. Sampingiraj",28,"Central Midfield","CM","<U+20B9>40 L","free transfer","Bengaluru FC","https://www.indiansuperleague.com/static-assets/images/club/656.png?v=100.24","Arrivals"
"278","Curtis MainC. Main",31,"Centre-Forward","CF","<U+20B9>3.6 Cr","free transfer","Bengaluru FC","https://www.indiansuperleague.com/static-assets/images/club/656.png?v=100.24","Arrivals"
"279","Halicharan NarzaryH. Narzary",29,"Left Winger","LW","<U+20B9>1.8 Cr","free transfer","Bengaluru FC","https://www.indiansuperleague.com/static-assets/images/club/656.png?v=100.24","Arrivals"
"280","Rohit DanuR. Danu",20,"Centre-Forward","CF","<U+20B9>80 L","free transfer","Bengaluru FC","https://www.indiansuperleague.com/static-assets/images/club/656.png?v=100.24","Arrivals"
"281","Vikram Lahkbir SinghV. Singh",29,"Goalkeeper","GK","<U+20B9>40 L","free transfer","Bengaluru FC","https://www.indiansuperleague.com/static-assets/images/club/656.png?v=100.24","Arrivals"
"282","Slavko DamjanovicS. Damjanovic",30,"Centre-Back","CB","<U+20B9>1.6 Cr","free transfer","Bengaluru FC","https://www.indiansuperleague.com/static-assets/images/club/656.png?v=100.24","Arrivals"
"283","Salam Johnson SinghS. Singh",21,"Centre-Forward","CF","<U+20B9>1.4 Cr","free transfer","Bengaluru FC","https://www.indiansuperleague.com/static-assets/images/club/656.png?v=100.24","Arrivals"
"284","Robin YadavR. Yadav",21,"Centre-Back","CB","-","-","Bengaluru FC","https://www.indiansuperleague.com/static-assets/images/club/656.png?v=100.24","Arrivals"
"285","Ankith PAnkith P",21,"Attack","Attack","-","-","Bengaluru FC","https://www.indiansuperleague.com/static-assets/images/club/656.png?v=100.24","Arrivals"
"286","Harsh PatreH. Patre",20,"Defensive Midfield","DM","<U+20B9>1 Cr","-","Bengaluru FC","https://www.indiansuperleague.com/static-assets/images/club/656.png?v=100.24","Arrivals"
"287","Monirul MollaM. Molla",18,"Attack","Attack","-","-","Bengaluru FC","https://www.indiansuperleague.com/static-assets/images/club/656.png?v=100.24","Arrivals"
"288","Edmund LalrindikaE. Lalrindika",25,"Centre-Forward","CF","<U+20B9>20 L","End of loanMay 31, 2024","Bengaluru FC","https://www.indiansuperleague.com/static-assets/images/club/656.png?v=100.24","Arrivals"
"289","Ajay ChhetriA. Chhetri",24,"Midfield","Midfield","<U+20B9>1 Cr","End of loanMay 31, 2024","Bengaluru FC","https://www.indiansuperleague.com/static-assets/images/club/656.png?v=100.24","Arrivals"
"290","Jayesh RaneJ. Rane",31,"Defensive Midfield","DM","<U+20B9>80 L","End of loanMay 31, 2024","Bengaluru FC","https://www.indiansuperleague.com/static-assets/images/club/656.png?v=100.24","Arrivals"
"291","Lara SharmaL. Sharma",24,"Goalkeeper","GK","<U+20B9>40 L","End of loanMay 31, 2024","Bengaluru FC","https://www.indiansuperleague.com/static-assets/images/club/656.png?v=100.24","Arrivals"
"292","Udanta SinghU. Singh",27,"Right Winger","RW","<U+20B9>1.4 Cr","free transfer","Bengaluru FC","https://www.indiansuperleague.com/static-assets/images/club/656.png?v=100.24","Departures"
"293","Biswa DarjeeB. Darjee",23,"Left Midfield","LM","<U+20B9>40 L","free transfer","Bengaluru FC","https://www.indiansuperleague.com/static-assets/images/club/656.png?v=100.24","Departures"
"294","Damait LyngdohD. Lyngdoh",19,"Central Midfield","CM","<U+20B9>20 L","free transfer","Bengaluru FC","https://www.indiansuperleague.com/static-assets/images/club/656.png?v=100.24","Departures"
"295","Harmanpreet SinghH. Singh",21,"Centre-Forward","CF","<U+20B9>40 L","free transfer","Bengaluru FC","https://www.indiansuperleague.com/static-assets/images/club/656.png?v=100.24","Departures"
"296","Bidyashagar SinghB. Singh",25,"Centre-Forward","CF","<U+20B9>60 L","free transfer","Bengaluru FC","https://www.indiansuperleague.com/static-assets/images/club/656.png?v=100.24","Departures"
"297","Thoi SinghT. Singh",19,"Centre-Forward","CF","<U+20B9>20 L","free transfer","Bengaluru FC","https://www.indiansuperleague.com/static-assets/images/club/656.png?v=100.24","Departures"
"298","Wungngayam MuirangW. Muirang",24,"Centre-Back","CB","<U+20B9>40 L","free transfer","Bengaluru FC","https://www.indiansuperleague.com/static-assets/images/club/656.png?v=100.24","Departures"
"299","Sharon PSharon P",23,"Goalkeeper","GK","<U+20B9>40 L","free transfer","Bengaluru FC","https://www.indiansuperleague.com/static-assets/images/club/656.png?v=100.24","Departures"
"300","Roy KrishnaR. Krishna",35,"Centre-Forward","CF","<U+20B9>2 Cr","free transfer","Bengaluru FC","https://www.indiansuperleague.com/static-assets/images/club/656.png?v=100.24","Departures"
"301","Prabir DasP. Das",29,"Right-Back","RB","<U+20B9>1.6 Cr","free transfer","Bengaluru FC","https://www.indiansuperleague.com/static-assets/images/club/656.png?v=100.24","Departures"
"302","Sandesh JhinganS. Jhingan",29,"Centre-Back","CB","<U+20B9>2 Cr","free transfer","Bengaluru FC","https://www.indiansuperleague.com/static-assets/images/club/656.png?v=100.24","Departures"
"303","Leon AugustineL. Augustine",24,"Right Midfield","RM","<U+20B9>40 L","free transfer","Bengaluru FC","https://www.indiansuperleague.com/static-assets/images/club/656.png?v=100.24","Departures"
"304","Pablo PérezP. Pérez",29,"Attacking Midfield","AM","<U+20B9>2.4 Cr","free transfer","Bengaluru FC","https://www.indiansuperleague.com/static-assets/images/club/656.png?v=100.24","Departures"
"305","Lara SharmaL. Sharma",23,"Goalkeeper","GK","<U+20B9>40 L","loan transfer","Bengaluru FC","https://www.indiansuperleague.com/static-assets/images/club/656.png?v=100.24","Departures"
"306","Jayesh RaneJ. Rane",30,"Defensive Midfield","DM","<U+20B9>80 L","loan transfer","Bengaluru FC","https://www.indiansuperleague.com/static-assets/images/club/656.png?v=100.24","Departures"
"307","Ajay ChhetriA. Chhetri",24,"Midfield","Midfield","<U+20B9>1 Cr","loan transfer","Bengaluru FC","https://www.indiansuperleague.com/static-assets/images/club/656.png?v=100.24","Departures"
"308","Faisal AliF. Ali",23,"Right Winger","RW","<U+20B9>1 Cr","?","Bengaluru FC","https://www.indiansuperleague.com/static-assets/images/club/656.png?v=100.24","Departures"
"309","Prince IbaraP. Ibara",27,"Centre-Forward","CF","<U+20B9>1.4 Cr","-","Bengaluru FC","https://www.indiansuperleague.com/static-assets/images/club/656.png?v=100.24","Departures"
"310","Bruno RamiresBruno Ramires",29,"Central Midfield","CM","<U+20B9>3 Cr","-","Bengaluru FC","https://www.indiansuperleague.com/static-assets/images/club/656.png?v=100.24","Departures"
"311","Edmund LalrindikaE. Lalrindika",24,"Centre-Forward","CF","<U+20B9>20 L","loan transfer","Bengaluru FC","https://www.indiansuperleague.com/static-assets/images/club/656.png?v=100.24","Departures"
"312","Ayush AdhikariA. Adhikari",23,"Central Midfield","CM","<U+20B9>60 L","<U+20B9>55 L","Chennaiyin FC","https://www.indiansuperleague.com/static-assets/images/club/505.png?v=100.24","Arrivals"
"313","Ryan EdwardsR. Edwards",29,"Centre-Back","CB","<U+20B9>2.4 Cr","free transfer","Chennaiyin FC","https://www.indiansuperleague.com/static-assets/images/club/505.png?v=100.24","Arrivals"
"314","Thanglalsoun GangteT. Gangte",17,"Attack","Attack","-","free transfer","Chennaiyin FC","https://www.indiansuperleague.com/static-assets/images/club/505.png?v=100.24","Arrivals"
"315","Connor ShieldsC. Shields",25,"Centre-Forward","CF","<U+20B9>3.2 Cr","free transfer","Chennaiyin FC","https://www.indiansuperleague.com/static-assets/images/club/505.png?v=100.24","Arrivals"
"316","Irfan YadwadI. Yadwad",22,"Centre-Forward","CF","-","free transfer","Chennaiyin FC","https://www.indiansuperleague.com/static-assets/images/club/505.png?v=100.24","Arrivals"
"317","Sachu SibyS. Siby",22,"Left-Back","LB","-","free transfer","Chennaiyin FC","https://www.indiansuperleague.com/static-assets/images/club/505.png?v=100.24","Arrivals"
"318","Prateek Kumar SinghP. Kumar Singh",23,"Goalkeeper","GK","<U+20B9>20 L","free transfer","Chennaiyin FC","https://www.indiansuperleague.com/static-assets/images/club/505.png?v=100.24","Arrivals"
"319","Bijay ChhetriB. Chhetri",21,"Centre-Back","CB","<U+20B9>40 L","free transfer","Chennaiyin FC","https://www.indiansuperleague.com/static-assets/images/club/505.png?v=100.24","Arrivals"
"320","Ankit MukherjeeA. Mukherjee",26,"Right-Back","RB","<U+20B9>60 L","free transfer","Chennaiyin FC","https://www.indiansuperleague.com/static-assets/images/club/505.png?v=100.24","Arrivals"
"321","Sweden FernandesS. Fernandes",23,"Right Midfield","RM","<U+20B9>80 L","free transfer","Chennaiyin FC","https://www.indiansuperleague.com/static-assets/images/club/505.png?v=100.24","Arrivals"
"322","Jordan MurrayJ. Murray",27,"Right Winger","RW","<U+20B9>2 Cr","free transfer","Chennaiyin FC","https://www.indiansuperleague.com/static-assets/images/club/505.png?v=100.24","Arrivals"
"323","Rafael CrivellaroR. Crivellaro",34,"Attacking Midfield","AM","<U+20B9>1.4 Cr","free transfer","Chennaiyin FC","https://www.indiansuperleague.com/static-assets/images/club/505.png?v=100.24","Arrivals"
"324","Cristian BattocchioC. Battocchio",31,"Central Midfield","CM","<U+20B9>2.8 Cr","free transfer","Chennaiyin FC","https://www.indiansuperleague.com/static-assets/images/club/505.png?v=100.24","Arrivals"
"325","Farukh ChoudharyF. Choudhary",26,"Right Winger","RW","<U+20B9>60 L","free transfer","Chennaiyin FC","https://www.indiansuperleague.com/static-assets/images/club/505.png?v=100.24","Arrivals"
"326","Lazar CirkovicL. Cirkovic",31,"Centre-Back","CB","<U+20B9>2 Cr","free transfer","Chennaiyin FC","https://www.indiansuperleague.com/static-assets/images/club/505.png?v=100.24","Arrivals"
"327","Sarthak GoluiS. Golui",25,"Right-Back","RB","<U+20B9>80 L","loan transfer","Chennaiyin FC","https://www.indiansuperleague.com/static-assets/images/club/505.png?v=100.24","Arrivals"
"328","Preyarhanjan RSP. RS",17,"Defence","Defence","-","-","Chennaiyin FC","https://www.indiansuperleague.com/static-assets/images/club/505.png?v=100.24","Arrivals"
"329","Nesta J B ColinN. Colin",17,"Midfield","Midfield","-","-","Chennaiyin FC","https://www.indiansuperleague.com/static-assets/images/club/505.png?v=100.24","Arrivals"
"330","Mohanraj KM. K",19,"Goalkeeper","GK","-","-","Chennaiyin FC","https://www.indiansuperleague.com/static-assets/images/club/505.png?v=100.24","Arrivals"
"331","Sweden FernandesS. Fernandes",24,"Right Midfield","RM","<U+20B9>80 L","End of loanMay 31, 2024","Chennaiyin FC","https://www.indiansuperleague.com/static-assets/images/club/505.png?v=100.24","Arrivals"
"332","Devansh DabasD. Dabas",22,"Goalkeeper","GK","<U+20B9>40 L","End of loanMay 31, 2024","Chennaiyin FC","https://www.indiansuperleague.com/static-assets/images/club/505.png?v=100.24","Arrivals"
"333","Anirudh ThapaA. Thapa",25,"Central Midfield","CM","<U+20B9>1.8 Cr","<U+20B9>3 Cr","Chennaiyin FC","https://www.indiansuperleague.com/static-assets/images/club/505.png?v=100.24","Departures"
"334","Petar SliskovicP. Sliskovic",32,"Centre-Forward","CF","<U+20B9>2 Cr","free transfer","Chennaiyin FC","https://www.indiansuperleague.com/static-assets/images/club/505.png?v=100.24","Departures"
"335","Senthamizhi SSenthamizhi S",23,"Centre-Forward","CF","<U+20B9>20 L","free transfer","Chennaiyin FC","https://www.indiansuperleague.com/static-assets/images/club/505.png?v=100.24","Departures"
"336","Narayan DasN. Das",29,"Left-Back","LB","<U+20B9>1 Cr","free transfer","Chennaiyin FC","https://www.indiansuperleague.com/static-assets/images/club/505.png?v=100.24","Departures"
"337","Chris WhiteChris White",20,"Attacking Midfield","AM","-","free transfer","Chennaiyin FC","https://www.indiansuperleague.com/static-assets/images/club/505.png?v=100.24","Departures"
"338","Kwame KarikariK. Karikari",31,"Centre-Forward","CF","<U+20B9>2 Cr","free transfer","Chennaiyin FC","https://www.indiansuperleague.com/static-assets/images/club/505.png?v=100.24","Departures"
"339","Edwin Sydney VanspaulE. Vanspaul",30,"Right-Back","RB","<U+20B9>1.2 Cr","free transfer","Chennaiyin FC","https://www.indiansuperleague.com/static-assets/images/club/505.png?v=100.24","Departures"
"340","Nasser El KhayatiN. El Khayati",34,"Attacking Midfield","AM","<U+20B9>3 Cr","free transfer","Chennaiyin FC","https://www.indiansuperleague.com/static-assets/images/club/505.png?v=100.24","Departures"
"341","Julius DükerJ. Düker",27,"Defensive Midfield","DM","<U+20B9>2.6 Cr","free transfer","Chennaiyin FC","https://www.indiansuperleague.com/static-assets/images/club/505.png?v=100.24","Departures"
"342","Prasanth KP. K",26,"Right Winger","RW","<U+20B9>1 Cr","free transfer","Chennaiyin FC","https://www.indiansuperleague.com/static-assets/images/club/505.png?v=100.24","Departures"
"343","Monotosh ChakladarM. Chakladar",25,"Centre-Back","CB","-","free transfer","Chennaiyin FC","https://www.indiansuperleague.com/static-assets/images/club/505.png?v=100.24","Departures"
"344","Sweden FernandesS. Fernandes",23,"Right Midfield","RM","<U+20B9>80 L","loan transfer","Chennaiyin FC","https://www.indiansuperleague.com/static-assets/images/club/505.png?v=100.24","Departures"
"345","Gurmukh SinghG. Singh",24,"Centre-Back","CB","<U+20B9>80 L","?","Chennaiyin FC","https://www.indiansuperleague.com/static-assets/images/club/505.png?v=100.24","Departures"
"346","Md Sajid DhotMd Sajid Dhot",25,"Centre-Back","CB","<U+20B9>40 L","?","Chennaiyin FC","https://www.indiansuperleague.com/static-assets/images/club/505.png?v=100.24","Departures"
"347","Sajal BagSajal Bag",20,"Central Midfield","CM","<U+20B9>40 L","?","Chennaiyin FC","https://www.indiansuperleague.com/static-assets/images/club/505.png?v=100.24","Departures"
"348","Vafa HakhamaneshiV. Hakhamaneshi",32,"Centre-Back","CB","<U+20B9>1 Cr","-","Chennaiyin FC","https://www.indiansuperleague.com/static-assets/images/club/505.png?v=100.24","Departures"
"349","A Mohamed LiyaakathA Mohamed Liyaakath",19,"Centre-Forward","CF","<U+20B9>20 L","-","Chennaiyin FC","https://www.indiansuperleague.com/static-assets/images/club/505.png?v=100.24","Departures"
"350","Aqib NawabA. Nawab",21,"Right-Back","RB","<U+20B9>20 L","-","Chennaiyin FC","https://www.indiansuperleague.com/static-assets/images/club/505.png?v=100.24","Departures"
"351","Reagan SinghReagan Singh",32,"Right-Back","RB","<U+20B9>60 L","-","Chennaiyin FC","https://www.indiansuperleague.com/static-assets/images/club/505.png?v=100.24","Departures"
"352","Jockson DhasJ. Dhas",28,"Central Midfield","CM","<U+20B9>40 L","-","Chennaiyin FC","https://www.indiansuperleague.com/static-assets/images/club/505.png?v=100.24","Departures"
"353","Fallou DiagneF. Diagne",33,"Centre-Back","CB","<U+20B9>1.6 Cr","-","Chennaiyin FC","https://www.indiansuperleague.com/static-assets/images/club/505.png?v=100.24","Departures"
"354","Devansh DabasD. Dabas",21,"Goalkeeper","GK","<U+20B9>40 L","loan transfer","Chennaiyin FC","https://www.indiansuperleague.com/static-assets/images/club/505.png?v=100.24","Departures"
"355","Sarthak GoluiS. Golui",26,"Right-Back","RB","<U+20B9>80 L","End of loanMay 31, 2024","Chennaiyin FC","https://www.indiansuperleague.com/static-assets/images/club/505.png?v=100.24","Departures"
"356","Melroy AssisiM. Assisi",24,"Centre-Back","CB","<U+20B9>80 L","<U+20B9>20 L","Punjab FC","https://www.indiansuperleague.com/static-assets/images/club/1252.png?v=100.24","Arrivals"
"357","Shibin Raj KunniyilS. Kunniyil",30,"Goalkeeper","GK","<U+20B9>1.2 Cr","free transfer","Punjab FC","https://www.indiansuperleague.com/static-assets/images/club/1252.png?v=100.24","Arrivals"
"358","Madih TalalM. Talal",25,"Attacking Midfield","AM","<U+20B9>3.2 Cr","free transfer","Punjab FC","https://www.indiansuperleague.com/static-assets/images/club/1252.png?v=100.24","Arrivals"
"359","Wilmar Jordán GilW. Jordán Gil",32,"Centre-Forward","CF","<U+20B9>2.4 Cr","free transfer","Punjab FC","https://www.indiansuperleague.com/static-assets/images/club/1252.png?v=100.24","Arrivals"
"360","Ricky John ShabongR. Shabong",20,"Defensive Midfield","DM","<U+20B9>80 L","free transfer","Punjab FC","https://www.indiansuperleague.com/static-assets/images/club/1252.png?v=100.24","Arrivals"
"361","Tejas KrishnaT. Krishna",22,"Centre-Back","CB","-","free transfer","Punjab FC","https://www.indiansuperleague.com/static-assets/images/club/1252.png?v=100.24","Arrivals"
"362","Ranjeet Singh Pandre PR. Singh Pandre P",28,"Centre-Forward","CF","<U+20B9>60 L","free transfer","Punjab FC","https://www.indiansuperleague.com/static-assets/images/club/1252.png?v=100.24","Arrivals"
"363","Kingslee FernandesK. Fernandes",25,"Central Midfield","CM","<U+20B9>1.2 Cr","free transfer","Punjab FC","https://www.indiansuperleague.com/static-assets/images/club/1252.png?v=100.24","Arrivals"
"364","Nitesh DarjeeN. Darjee",19,"Left-Back","LB","<U+20B9>20 L","free transfer","Punjab FC","https://www.indiansuperleague.com/static-assets/images/club/1252.png?v=100.24","Arrivals"
"365","Samuel KynshiS. Kynshi",23,"Defensive Midfield","DM","<U+20B9>1.2 Cr","free transfer","Punjab FC","https://www.indiansuperleague.com/static-assets/images/club/1252.png?v=100.24","Arrivals"
"366","Nongmaikapam Suresh MeiteiN. Meitei",29,"Centre-Back","CB","<U+20B9>1 Cr","free transfer","Punjab FC","https://www.indiansuperleague.com/static-assets/images/club/1252.png?v=100.24","Arrivals"
"367","Leon AugustineL. Augustine",24,"Right Midfield","RM","<U+20B9>40 L","free transfer","Punjab FC","https://www.indiansuperleague.com/static-assets/images/club/1252.png?v=100.24","Arrivals"
"368","Prasanth KP. K",26,"Right Winger","RW","<U+20B9>1 Cr","free transfer","Punjab FC","https://www.indiansuperleague.com/static-assets/images/club/1252.png?v=100.24","Arrivals"
"369","Mashoor ShereefMashoor Shereef",30,"Centre-Back","CB","<U+20B9>60 L","free transfer","Punjab FC","https://www.indiansuperleague.com/static-assets/images/club/1252.png?v=100.24","Arrivals"
"370","Sweden FernandesS. Fernandes",23,"Right Midfield","RM","<U+20B9>80 L","loan transfer","Punjab FC","https://www.indiansuperleague.com/static-assets/images/club/1252.png?v=100.24","Arrivals"
"371","Amarjit SinghA. Singh",22,"Defensive Midfield","DM","<U+20B9>60 L","?","Punjab FC","https://www.indiansuperleague.com/static-assets/images/club/1252.png?v=100.24","Arrivals"
"372","Nikhil PrabhuN. Prabhu",22,"Centre-Back","CB","<U+20B9>60 L","?","Punjab FC","https://www.indiansuperleague.com/static-assets/images/club/1252.png?v=100.24","Arrivals"
"373","Dimitrios ChatziisaiasD. Chatziisaias",30,"Centre-Back","CB","<U+20B9>3.6 Cr","-","Punjab FC","https://www.indiansuperleague.com/static-assets/images/club/1252.png?v=100.24","Arrivals"
"374","Deepak DevraniD. Devrani",31,"Centre-Back","CB","<U+20B9>1 Cr","End of loanMay 31, 2024","Punjab FC","https://www.indiansuperleague.com/static-assets/images/club/1252.png?v=100.24","Arrivals"
"375","Tejas KrishnaT. Krishna",22,"Centre-Back","CB","-","End of loanMay 31, 2024","Punjab FC","https://www.indiansuperleague.com/static-assets/images/club/1252.png?v=100.24","Arrivals"
"376","Ashangbam Aphaoba SinghA. Singh",19,"Centre-Forward","CF","<U+20B9>40 L","free transfer","Punjab FC","https://www.indiansuperleague.com/static-assets/images/club/1252.png?v=100.24","Departures"
"377","Freddy LallawmawmaF. Lallawmawma",21,"Defensive Midfield","DM","<U+20B9>1.4 Cr","free transfer","Punjab FC","https://www.indiansuperleague.com/static-assets/images/club/1252.png?v=100.24","Departures"
"378","Nongmaikapam Suresh MeiteiN. Meitei",29,"Centre-Back","CB","<U+20B9>1 Cr","free transfer","Punjab FC","https://www.indiansuperleague.com/static-assets/images/club/1252.png?v=100.24","Departures"
"379","Shankar SampingirajS. Sampingiraj",28,"Central Midfield","CM","<U+20B9>40 L","free transfer","Punjab FC","https://www.indiansuperleague.com/static-assets/images/club/1252.png?v=100.24","Departures"
"380","Aleksandar IgnjatovicA. Ignjatovic",35,"Centre-Back","CB","<U+20B9>80 L","free transfer","Punjab FC","https://www.indiansuperleague.com/static-assets/images/club/1252.png?v=100.24","Departures"
"381","Tejas KrishnaT. Krishna",22,"Centre-Back","CB","-","loan transfer","Punjab FC","https://www.indiansuperleague.com/static-assets/images/club/1252.png?v=100.24","Departures"
"382","Deepak DevraniD. Devrani",30,"Centre-Back","CB","<U+20B9>1 Cr","loan transfer","Punjab FC","https://www.indiansuperleague.com/static-assets/images/club/1252.png?v=100.24","Departures"
"383","Samuel LalmuanpuiaS. Lalmuanpuia",25,"Centre-Forward","CF","<U+20B9>80 L","?","Punjab FC","https://www.indiansuperleague.com/static-assets/images/club/1252.png?v=100.24","Departures"
"384","Juan NellarJ. Nellar",29,"Defensive Midfield","DM","<U+20B9>1.2 Cr","-","Punjab FC","https://www.indiansuperleague.com/static-assets/images/club/1252.png?v=100.24","Departures"
"385","Sweden FernandesS. Fernandes",24,"Right Midfield","RM","<U+20B9>80 L","End of loanMay 31, 2024","Punjab FC","https://www.indiansuperleague.com/static-assets/images/club/1252.png?v=100.24","Departures"
